"","sample_id","count_per_cm2","chl_a_per_cm2","t","site","depth","spec","size","replicate"
"1","2TSML27P",318080.28631985,2.26884724407977,"2","Temae","5 m","P. mea","Adult",2
"2","2TSML27P",294518.783629491,2.26884724407977,"2","Temae","5 m","P. mea","Adult",2
"3","2TSML27P",353422.540355389,2.26884724407977,"2","Temae","5 m","P. mea","Adult",2
"4","2TSML27P",282738.032284311,2.26884724407977,"2","Temae","5 m","P. mea","Adult",2
"5","2TSML27P",365203.291700569,2.26884724407977,"2","Temae","5 m","P. mea","Adult",2
"6","2TSML27P",306299.534974671,2.26884724407977,"2","Temae","5 m","P. mea","Adult",2
"7","2TSPL07P",405446.792810764,2.16329337199916,"2","Temae","5 m","P. ver","Adult",0
"8","2TSPL07P",469464.707465095,2.16329337199916,"2","Temae","5 m","P. ver","Adult",0
"9","2TSPL07P",394777.140368375,2.16329337199916,"2","Temae","5 m","P. ver","Adult",0
"10","2TSPL07P",330759.225714044,2.16329337199916,"2","Temae","5 m","P. ver","Adult",0
"11","2TSPL07P",384107.487925987,2.16329337199916,"2","Temae","5 m","P. ver","Adult",0
"12","2TSPL07P",405446.792810764,2.16329337199916,"2","Temae","5 m","P. ver","Adult",0
"13","2TSAL09P",620951.074616076,3.44988833930877,"2","Temae","5 m","A. hya","Adult",0
"14","2TSAL09P",609009.707796536,3.44988833930877,"2","Temae","5 m","A. hya","Adult",0
"15","2TSAL09P",644833.808255156,3.44988833930877,"2","Temae","5 m","A. hya","Adult",0
"16","2TSAL09P",597068.340976996,3.44988833930877,"2","Temae","5 m","A. hya","Adult",0
"17","2TSAL09P",597068.340976996,3.44988833930877,"2","Temae","5 m","A. hya","Adult",0
"18","2TSAL09P",704540.642352856,3.44988833930877,"2","Temae","5 m","A. hya","Adult",0
"19","2TSML26P",596653.440626851,5.23784626965284,"2","Temae","5 m","P. mea","Adult",2
"20","2TSML26P",329729.532977996,5.23784626965284,"2","Temae","5 m","P. mea","Adult",2
"21","2TSML26P",518146.408965423,5.23784626965284,"2","Temae","5 m","P. mea","Adult",2
"22","2TSML26P",549549.221629994,5.23784626965284,"2","Temae","5 m","P. mea","Adult",2
"23","2TSML26P",486743.596300852,5.23784626965284,"2","Temae","5 m","P. mea","Adult",2
"24","2TSML26P",423937.97097171,5.23784626965284,"2","Temae","5 m","P. mea","Adult",2
"25","2TSAL07P",869006.496521587,4.86954969075191,"2","Temae","5 m","A. hya","Adult",0
"26","2TSAL07P",982355.169980925,4.86954969075191,"2","Temae","5 m","A. hya","Adult",0
"27","2TSAL07P",869006.496521587,4.86954969075191,"2","Temae","5 m","A. hya","Adult",0
"28","2TSAL07P",554149.07024565,4.86954969075191,"2","Temae","5 m","A. hya","Adult",0
"29","2TSAL07P",818629.308317438,4.86954969075191,"2","Temae","5 m","A. hya","Adult",0
"30","2TSAL07P",843817.902419512,4.86954969075191,"2","Temae","5 m","A. hya","Adult",0
"31","2TSAL06P",776519.266748124,5.44435551621953,"2","Temae","5 m","A. hya","Adult",0
"32","2TSAL06P",979089.510247635,5.44435551621953,"2","Temae","5 m","A. hya","Adult",0
"33","2TSAL06P",793400.120373084,5.44435551621953,"2","Temae","5 m","A. hya","Adult",0
"34","2TSAL06P",675234.144998369,5.44435551621953,"2","Temae","5 m","A. hya","Adult",0
"35","2TSAL06P",708995.852248287,5.44435551621953,"2","Temae","5 m","A. hya","Adult",0
"36","2TSAL06P",911566.095747798,5.44435551621953,"2","Temae","5 m","A. hya","Adult",0
"37","2ESPL20P",1472195.70228374,7.27065575762409,"2","E2B","5 m","P. ver","Adult",2
"38","2ESPL20P",1809204.3570234,7.27065575762409,"2","E2B","5 m","P. ver","Adult",2
"39","2ESPL20P",1117449.74992622,7.27065575762409,"2","E2B","5 m","P. ver","Adult",2
"40","2ESPL20P",1135187.04754409,7.27065575762409,"2","E2B","5 m","P. ver","Adult",2
"41","2ESPL20P",1241610.83325135,7.27065575762409,"2","E2B","5 m","P. ver","Adult",2
"42","2ESPL20P",1117449.74992622,7.27065575762409,"2","E2B","5 m","P. ver","Adult",2
"43","2ESPL10P",1165061.5196447,6.03905571983656,"2","E2B","5 m","P. ver","Adult",1
"44","2ESPL10P",1165061.5196447,6.03905571983656,"2","E2B","5 m","P. ver","Adult",1
"45","2ESPL10P",1428849.03352652,6.03905571983656,"2","E2B","5 m","P. ver","Adult",1
"46","2ESPL10P",1121096.93399773,6.03905571983656,"2","E2B","5 m","P. ver","Adult",1
"47","2ESPL10P",1384884.44787955,6.03905571983656,"2","E2B","5 m","P. ver","Adult",1
"48","2ESPL10P",1450831.32635,6.03905571983656,"2","E2B","5 m","P. ver","Adult",1
"49","2TSML20P",199970.337391056,2.12616755601692,"2","Temae","5 m","P. mea","Adult",2
"50","2TSML20P",317599.947621089,2.12616755601692,"2","Temae","5 m","P. mea","Adult",2
"51","2TSML20P",223496.259437063,2.12616755601692,"2","Temae","5 m","P. mea","Adult",2
"52","2TSML20P",235259.220460066,2.12616755601692,"2","Temae","5 m","P. mea","Adult",2
"53","2TSML20P",176444.41534505,2.12616755601692,"2","Temae","5 m","P. mea","Adult",2
"54","2TSML20P",341125.869667096,2.12616755601692,"2","Temae","5 m","P. mea","Adult",2
"55","2TSML21P",85049.4563512315,0.600379201803019,"2","Temae","5 m","P. mea","Adult",2
"56","2TSML21P",65844.7404009535,0.600379201803019,"2","Temae","5 m","P. mea","Adult",2
"57","2TSML21P",71331.8021010329,0.600379201803019,"2","Temae","5 m","P. mea","Adult",2
"58","2TSML21P",79562.3946511521,0.600379201803019,"2","Temae","5 m","P. mea","Adult",2
"59","2TSML21P",63101.2095509137,0.600379201803019,"2","Temae","5 m","P. mea","Adult",2
"60","2TSML21P",106997.703151549,0.600379201803019,"2","Temae","5 m","P. mea","Adult",2
"61","2TSML13P",508009.66132774,3.50163756914329,"2","Temae","5 m","P. mea","Adult",1
"62","2TSML13P",539760.265160723,3.50163756914329,"2","Temae","5 m","P. mea","Adult",1
"63","2TSML13P",412757.849828788,3.50163756914329,"2","Temae","5 m","P. mea","Adult",1
"64","2TSML13P",365131.944079313,3.50163756914329,"2","Temae","5 m","P. mea","Adult",1
"65","2TSML13P",381007.245995805,3.50163756914329,"2","Temae","5 m","P. mea","Adult",1
"66","2TSML13P",285755.434496853,3.50163756914329,"2","Temae","5 m","P. mea","Adult",1
"67","2TSML14P",558267.857473505,2.98523501873236,"2","Temae","5 m","P. mea","Adult",1
"68","2TSML14P",372178.571649003,2.98523501873236,"2","Temae","5 m","P. mea","Adult",1
"69","2TSML14P",413531.746276671,2.98523501873236,"2","Temae","5 m","P. mea","Adult",1
"70","2TSML14P",434208.333590504,2.98523501873236,"2","Temae","5 m","P. mea","Adult",1
"71","2TSML14P",599621.032101172,2.98523501873236,"2","Temae","5 m","P. mea","Adult",1
"72","2TSML14P",392855.158962837,2.98523501873236,"2","Temae","5 m","P. mea","Adult",1
"73","2TSPL14P",454032.397935787,2.4583640940283,"2","Temae","5 m","P. ver","Adult",1
"74","2TSPL14P",548622.480839076,2.4583640940283,"2","Temae","5 m","P. ver","Adult",1
"75","2TSPL14P",416196.364774472,2.4583640940283,"2","Temae","5 m","P. ver","Adult",1
"76","2TSPL14P",340524.29845184,2.4583640940283,"2","Temae","5 m","P. ver","Adult",1
"77","2TSPL14P",454032.397935787,2.4583640940283,"2","Temae","5 m","P. ver","Adult",1
"78","2TSPL14P",567540.497419734,2.4583640940283,"2","Temae","5 m","P. ver","Adult",1
"79","2TSML16P",283576.925912692,1.21388411534397,"2","Temae","5 m","P. mea","Adult",1
"80","2TSML16P",293029.490109782,1.21388411534397,"2","Temae","5 m","P. mea","Adult",1
"81","2TSML16P",264671.797518513,1.21388411534397,"2","Temae","5 m","P. mea","Adult",1
"82","2TSML16P",250492.951222878,1.21388411534397,"2","Temae","5 m","P. mea","Adult",1
"83","2TSML16P",236314.104927244,1.21388411534397,"2","Temae","5 m","P. mea","Adult",1
"84","2TSML16P",226861.540730154,1.21388411534397,"2","Temae","5 m","P. mea","Adult",1
"85","2TSPL04P",238486.437793697,1.37910925486694,"2","Temae","5 m","P. ver","Adult",0
"86","2TSPL04P",274620.746550318,1.37910925486694,"2","Temae","5 m","P. ver","Adult",0
"87","2TSPL04P",325208.778809587,1.37910925486694,"2","Temae","5 m","P. ver","Adult",0
"88","2TSPL04P",231259.576042373,1.37910925486694,"2","Temae","5 m","P. ver","Adult",0
"89","2TSPL04P",252940.161296346,1.37910925486694,"2","Temae","5 m","P. ver","Adult",0
"90","2TSPL04P",260167.02304767,1.37910925486694,"2","Temae","5 m","P. ver","Adult",0
"91","2TSPL12P",486610.292169161,3.28371924310133,"2","Temae","5 m","P. ver","Adult",1
"92","2TSPL12P",583932.350602994,3.28371924310133,"2","Temae","5 m","P. ver","Adult",1
"93","2TSPL12P",556126.048193327,3.28371924310133,"2","Temae","5 m","P. ver","Adult",1
"94","2TSPL12P",639544.955422326,3.28371924310133,"2","Temae","5 m","P. ver","Adult",1
"95","2TSPL12P",583932.350602994,3.28371924310133,"2","Temae","5 m","P. ver","Adult",1
"96","2TSPL12P",417094.536144995,3.28371924310133,"2","Temae","5 m","P. ver","Adult",1
"97","2TSPL05P",587597.221260588,3.53948464077177,"2","Temae","5 m","P. ver","Adult",0
"98","2TSPL05P",773154.238500773,3.53948464077177,"2","Temae","5 m","P. ver","Adult",0
"99","2TSPL05P",670067.00670067,3.53948464077177,"2","Temae","5 m","P. ver","Adult",0
"100","2TSPL05P",731919.345780732,3.53948464077177,"2","Temae","5 m","P. ver","Adult",0
"101","2TSPL05P",484509.989460484,3.53948464077177,"2","Temae","5 m","P. ver","Adult",0
"102","2TSPL05P",587597.221260588,3.53948464077177,"2","Temae","5 m","P. ver","Adult",0
"103","2TSPL38P",468302.572510989,3.04960545400702,"2","Temae","5 m","P. ver","Adult",3
"104","2TSPL38P",579216.339684645,3.04960545400702,"2","Temae","5 m","P. ver","Adult",3
"105","2TSPL38P",665482.603041932,3.04960545400702,"2","Temae","5 m","P. ver","Adult",3
"106","2TSPL38P",566892.587776461,3.04960545400702,"2","Temae","5 m","P. ver","Adult",3
"107","2TSPL38P",505273.828235541,3.04960545400702,"2","Temae","5 m","P. ver","Adult",3
"108","2TSPL38P",591540.091592829,3.04960545400702,"2","Temae","5 m","P. ver","Adult",3
"109","2TSML18P",88763.5944064208,0.593090229352142,"2","Temae","5 m","P. mea","Adult",1
"110","2TSML18P",79887.2349657787,0.593090229352142,"2","Temae","5 m","P. mea","Adult",1
"111","2TSML18P",97639.9538470629,0.593090229352142,"2","Temae","5 m","P. mea","Adult",1
"112","2TSML18P",85804.8079262068,0.593090229352142,"2","Temae","5 m","P. mea","Adult",1
"113","2TSML18P",103557.526807491,0.593090229352142,"2","Temae","5 m","P. mea","Adult",1
"114","2TSML18P",94681.1673668488,0.593090229352142,"2","Temae","5 m","P. mea","Adult",1
"115","2TSML19P",170004.161295888,1.48607278176287,"2","Temae","5 m","P. mea","Adult",1
"116","2TSML19P",159378.901214895,1.48607278176287,"2","Temae","5 m","P. mea","Adult",1
"117","2TSML19P",170004.161295888,1.48607278176287,"2","Temae","5 m","P. mea","Adult",1
"118","2TSML19P",244380.981862839,1.48607278176287,"2","Temae","5 m","P. mea","Adult",1
"119","2TSML19P",191254.681457874,1.48607278176287,"2","Temae","5 m","P. mea","Adult",1
"120","2TSML19P",138128.381052909,1.48607278176287,"2","Temae","5 m","P. mea","Adult",1
"121","2TSML17P",212016.877963478,1.14906900930337,"2","Temae","5 m","P. mea","Adult",1
"122","2TSML17P",136296.564405093,1.14906900930337,"2","Temae","5 m","P. mea","Adult",1
"123","2TSML17P",143868.595760932,1.14906900930337,"2","Temae","5 m","P. mea","Adult",1
"124","2TSML17P",128724.533049255,1.14906900930337,"2","Temae","5 m","P. mea","Adult",1
"125","2TSML17P",151440.62711677,1.14906900930337,"2","Temae","5 m","P. mea","Adult",1
"126","2TSML17P",166584.689828447,1.14906900930337,"2","Temae","5 m","P. mea","Adult",1
"127","2TSPL32P",430142.129257174,1.18002420632465,"2","Temae","5 m","P. ver","Adult",3
"128","2TSPL32P",446686.057305526,1.18002420632465,"2","Temae","5 m","P. ver","Adult",3
"129","2TSPL32P",289518.740846174,1.18002420632465,"2","Temae","5 m","P. ver","Adult",3
"130","2TSPL32P",272974.812797822,1.18002420632465,"2","Temae","5 m","P. ver","Adult",3
"131","2TSPL32P",438414.09328135,1.18002420632465,"2","Temae","5 m","P. ver","Adult",3
"132","2TSPL32P",306062.668894527,1.18002420632465,"2","Temae","5 m","P. ver","Adult",3
"133","2TSPL15P",480215.882001597,6.5689334908643,"2","Temae","5 m","P. ver","Adult",1
"134","2TSPL15P",413979.208622066,6.5689334908643,"2","Temae","5 m","P. ver","Adult",1
"135","2TSPL15P",397420.040277183,6.5689334908643,"2","Temae","5 m","P. ver","Adult",1
"136","2TSPL15P",380860.871932301,6.5689334908643,"2","Temae","5 m","P. ver","Adult",1
"137","2TSPL15P",298065.030207888,6.5689334908643,"2","Temae","5 m","P. ver","Adult",1
"138","2TSPL15P",331183.366897653,6.5689334908643,"2","Temae","5 m","P. ver","Adult",1
"139","2TSPL24P",938257.563594611,1.51977506512576,"2","Temae","5 m","P. ver","Adult",2
"140","2TSPL24P",766463.925189964,1.51977506512576,"2","Temae","5 m","P. ver","Adult",2
"141","2TSPL24P",925042.668332715,1.51977506512576,"2","Temae","5 m","P. ver","Adult",2
"142","2TSPL24P",647529.8678329,1.51977506512576,"2","Temae","5 m","P. ver","Adult",2
"143","2TSPL24P",898612.877808923,1.51977506512576,"2","Temae","5 m","P. ver","Adult",2
"144","2TSPL24P",634314.972571005,1.51977506512576,"2","Temae","5 m","P. ver","Adult",2
"145","2TSPL22P",903686.772273629,5.1541232844563,"2","Temae","5 m","P. ver","Adult",2
"146","2TSPL22P",1009116.89570555,5.1541232844563,"2","Temae","5 m","P. ver","Adult",2
"147","2TSPL22P",888625.326069068,5.1541232844563,"2","Temae","5 m","P. ver","Adult",2
"148","2TSPL22P",918748.218478189,5.1541232844563,"2","Temae","5 m","P. ver","Adult",2
"149","2TSPL22P",1129608.46534204,5.1541232844563,"2","Temae","5 m","P. ver","Adult",2
"150","2TSPL22P",963932.557091871,5.1541232844563,"2","Temae","5 m","P. ver","Adult",2
"151","2TSPL23P",146663.945984798,0.776760710741013,"2","Temae","5 m","P. ver","Adult",2
"152","2TSPL23P",129064.272466622,0.776760710741013,"2","Temae","5 m","P. ver","Adult",2
"153","2TSPL23P",70398.6940727032,0.776760710741013,"2","Temae","5 m","P. ver","Adult",2
"154","2TSPL23P",70398.6940727032,0.776760710741013,"2","Temae","5 m","P. ver","Adult",2
"155","2TSPL23P",111464.598948447,0.776760710741013,"2","Temae","5 m","P. ver","Adult",2
"156","2TSPL23P",99731.4832696628,0.776760710741013,"2","Temae","5 m","P. ver","Adult",2
"157","2ESML13P",344717.749023969,1.91999724258995,"2","E2B","5 m","P. mea","Adult",1
"158","2ESML13P",455917.022902669,1.91999724258995,"2","E2B","5 m","P. mea","Adult",1
"159","2ESML13P",422557.240739059,1.91999724258995,"2","E2B","5 m","P. mea","Adult",1
"160","2ESML13P",322477.894248229,1.91999724258995,"2","E2B","5 m","P. mea","Adult",1
"161","2ESML13P",489276.805066279,1.91999724258995,"2","E2B","5 m","P. mea","Adult",1
"162","2ESML13P",455917.022902669,1.91999724258995,"2","E2B","5 m","P. mea","Adult",1
"163","2ESAL01P",1570092.38894674,6.66889090489055,"2","E2B","5 m","A. hya","Adult",0
"164","2ESAL01P",1351471.92972631,6.66889090489055,"2","E2B","5 m","A. hya","Adult",0
"165","2ESAL01P",1172600.64490959,6.66889090489055,"2","E2B","5 m","A. hya","Adult",0
"166","2ESAL01P",1371346.51692816,6.66889090489055,"2","E2B","5 m","A. hya","Adult",0
"167","2ESAL01P",1470719.45293745,6.66889090489055,"2","E2B","5 m","A. hya","Adult",0
"168","2ESAL01P",1371346.51692816,6.66889090489055,"2","E2B","5 m","A. hya","Adult",0
"169","2TSPL20P",603883.783917764,1.8058561261224,"2","Temae","5 m","P. ver","Adult",2
"170","2TSPL20P",535260.626654381,1.8058561261224,"2","Temae","5 m","P. ver","Adult",2
"171","2TSPL20P",603883.783917764,1.8058561261224,"2","Temae","5 m","P. ver","Adult",2
"172","2TSPL20P",562709.889559734,1.8058561261224,"2","Temae","5 m","P. ver","Adult",2
"173","2TSPL20P",343115.786316911,1.8058561261224,"2","Temae","5 m","P. ver","Adult",2
"174","2TSPL20P",370565.049222264,1.8058561261224,"2","Temae","5 m","P. ver","Adult",2
"175","2TSPL17P",139404.846234956,0.64963654094391,"2","Temae","5 m","P. ver","Adult",1
"176","2TSPL17P",132766.520223767,0.64963654094391,"2","Temae","5 m","P. ver","Adult",1
"177","2TSPL17P",146043.172246144,0.64963654094391,"2","Temae","5 m","P. ver","Adult",1
"178","2TSPL17P",179234.802302086,0.64963654094391,"2","Temae","5 m","P. ver","Adult",1
"179","2TSPL17P",179234.802302086,0.64963654094391,"2","Temae","5 m","P. ver","Adult",1
"180","2TSPL17P",132766.520223767,0.64963654094391,"2","Temae","5 m","P. ver","Adult",1
"181","2TSPL39P",355341.345369835,1.51030577526304,"2","Temae","5 m","P. ver","Adult",3
"182","2TSPL39P",355341.345369835,1.51030577526304,"2","Temae","5 m","P. ver","Adult",3
"183","2TSPL39P",386240.592793299,1.51030577526304,"2","Temae","5 m","P. ver","Adult",3
"184","2TSPL39P",448039.087640227,1.51030577526304,"2","Temae","5 m","P. ver","Adult",3
"185","2TSPL39P",370790.969081567,1.51030577526304,"2","Temae","5 m","P. ver","Adult",3
"186","2TSPL39P",509837.582487155,1.51030577526304,"2","Temae","5 m","P. ver","Adult",3
"187","2TSPL18P",300924.581395897,1.73168705449467,"2","Temae","5 m","P. ver","Adult",1
"188","2TSPL18P",331017.039535487,1.73168705449467,"2","Temae","5 m","P. ver","Adult",1
"189","2TSPL18P",300924.581395897,1.73168705449467,"2","Temae","5 m","P. ver","Adult",1
"190","2TSPL18P",180554.748837538,1.73168705449467,"2","Temae","5 m","P. ver","Adult",1
"191","2TSPL18P",270832.123256307,1.73168705449467,"2","Temae","5 m","P. ver","Adult",1
"192","2TSPL18P",240739.665116718,1.73168705449467,"2","Temae","5 m","P. ver","Adult",1
"193","2TSPL21P",726319.38395485,2.71171341999543,"2","Temae","5 m","P. ver","Adult",2
"194","2TSPL21P",561869.712116016,2.71171341999543,"2","Temae","5 m","P. ver","Adult",2
"195","2TSPL21P",616686.269395628,2.71171341999543,"2","Temae","5 m","P. ver","Adult",2
"196","2TSPL21P",561869.712116016,2.71171341999543,"2","Temae","5 m","P. ver","Adult",2
"197","2TSPL21P",548165.572796114,2.71171341999543,"2","Temae","5 m","P. ver","Adult",2
"198","2TSPL21P",602982.130075725,2.71171341999543,"2","Temae","5 m","P. ver","Adult",2
"199","2ESML23P",269163.367760125,1.27634078907492,"2","E2B","5 m","P. mea","Adult",2
"200","2ESML23P",239256.326897888,1.27634078907492,"2","E2B","5 m","P. mea","Adult",2
"201","2ESML23P",219318.299656398,1.27634078907492,"2","E2B","5 m","P. mea","Adult",2
"202","2ESML23P",279132.38138087,1.27634078907492,"2","E2B","5 m","P. mea","Adult",2
"203","2ESML23P",269163.367760125,1.27634078907492,"2","E2B","5 m","P. mea","Adult",2
"204","2ESML23P",289101.395001615,1.27634078907492,"2","E2B","5 m","P. mea","Adult",2
"205","2ESML32P",340750.158931978,2.19009284806104,"2","E2B","5 m","P. mea","Adult",3
"206","2ESML32P",575015.893197713,2.19009284806104,"2","E2B","5 m","P. mea","Adult",3
"207","2ESML32P",362047.043865227,2.19009284806104,"2","E2B","5 m","P. mea","Adult",3
"208","2ESML32P",383343.928798475,2.19009284806104,"2","E2B","5 m","P. mea","Adult",3
"209","2ESML32P",468531.46853147,2.19009284806104,"2","E2B","5 m","P. mea","Adult",3
"210","2ESML32P",340750.158931978,2.19009284806104,"2","E2B","5 m","P. mea","Adult",3
"211","2TSAL39P",687185.752120816,2.43055838510384,"2","Temae","5 m","A. hya","Adult",3
"212","2TSAL39P",845767.079533313,2.43055838510384,"2","Temae","5 m","A. hya","Adult",3
"213","2TSAL39P",775286.489572203,2.43055838510384,"2","Temae","5 m","A. hya","Adult",3
"214","2TSAL39P",775286.489572203,2.43055838510384,"2","Temae","5 m","A. hya","Adult",3
"215","2TSAL39P",616705.162159707,2.43055838510384,"2","Temae","5 m","A. hya","Adult",3
"216","2TSAL39P",510984.277218043,2.43055838510384,"2","Temae","5 m","A. hya","Adult",3
"217","2TSAL40P",662246.062136753,3.5010264843454,"2","Temae","5 m","A. hya","Adult",4
"218","2TSAL40P",662246.062136753,3.5010264843454,"2","Temae","5 m","A. hya","Adult",4
"219","2TSAL40P",496684.546602565,3.5010264843454,"2","Temae","5 m","A. hya","Adult",4
"220","2TSAL40P",614942.771984128,3.5010264843454,"2","Temae","5 m","A. hya","Adult",4
"221","2TSAL40P",733200.99736569,3.5010264843454,"2","Temae","5 m","A. hya","Adult",4
"222","2TSAL40P",591291.126907815,3.5010264843454,"2","Temae","5 m","A. hya","Adult",4
"223","2TSML35P",421322.932995995,4.44946509849081,"2","Temae","5 m","P. mea","Adult",3
"224","2TSML35P",453732.389380302,4.44946509849081,"2","Temae","5 m","P. mea","Adult",3
"225","2TSML35P",502346.573956763,4.44946509849081,"2","Temae","5 m","P. mea","Adult",3
"226","2TSML35P",486141.84576461,4.44946509849081,"2","Temae","5 m","P. mea","Adult",3
"227","2TSML35P",372708.748419534,4.44946509849081,"2","Temae","5 m","P. mea","Adult",3
"228","2TSML35P",421322.932995995,4.44946509849081,"2","Temae","5 m","P. mea","Adult",3
"229","2TSML36P",586495.203869818,3.12945695018215,"2","Temae","5 m","P. mea","Adult",3
"230","2TSML36P",651661.337633131,3.12945695018215,"2","Temae","5 m","P. mea","Adult",3
"231","2TSML36P",667952.87107396,3.12945695018215,"2","Temae","5 m","P. mea","Adult",3
"232","2TSML36P",407288.336020707,3.12945695018215,"2","Temae","5 m","P. mea","Adult",3
"233","2TSML36P",537620.603547333,3.12945695018215,"2","Temae","5 m","P. mea","Adult",3
"234","2TSML36P",488746.003224848,3.12945695018215,"2","Temae","5 m","P. mea","Adult",3
"235","2TSML37P",90480.7348769945,1.07234195368258,"2","Temae","5 m","P. mea","Adult",3
"236","2TSML37P",85718.5909361001,1.07234195368258,"2","Temae","5 m","P. mea","Adult",3
"237","2TSML37P",80956.4469952056,1.07234195368258,"2","Temae","5 m","P. mea","Adult",3
"238","2TSML37P",123815.742463256,1.07234195368258,"2","Temae","5 m","P. mea","Adult",3
"239","2TSML37P",114291.454581467,1.07234195368258,"2","Temae","5 m","P. mea","Adult",3
"240","2TSML37P",133340.030345045,1.07234195368258,"2","Temae","5 m","P. mea","Adult",3
"241","2TSML38P",454697.163634361,2.66011560037073,"2","Temae","5 m","P. mea","Adult",3
"242","2TSML38P",428565.142735835,2.66011560037073,"2","Temae","5 m","P. mea","Adult",3
"243","2TSML38P",418112.334376424,2.66011560037073,"2","Temae","5 m","P. mea","Adult",3
"244","2TSML38P",365848.292579371,2.66011560037073,"2","Temae","5 m","P. mea","Adult",3
"245","2TSML38P",428565.142735835,2.66011560037073,"2","Temae","5 m","P. mea","Adult",3
"246","2TSML38P",407659.526017013,2.66011560037073,"2","Temae","5 m","P. mea","Adult",3
"247","2TSML39P",222597.950844052,0.978170458108468,"2","Temae","5 m","P. mea","Adult",3
"248","2TSML39P",253658.130031594,0.978170458108468,"2","Temae","5 m","P. mea","Adult",3
"249","2TSML39P",212244.557781538,0.978170458108468,"2","Temae","5 m","P. mea","Adult",3
"250","2TSML39P",284718.309219136,0.978170458108468,"2","Temae","5 m","P. mea","Adult",3
"251","2TSML39P",264011.523094108,0.978170458108468,"2","Temae","5 m","P. mea","Adult",3
"252","2TSML39P",227774.647375309,0.978170458108468,"2","Temae","5 m","P. mea","Adult",3
"253","2TSML40P",1723325.83837008,6.04732269942446,"2","Temae","5 m","P. mea","Adult",4
"254","2TSML40P",1651520.59510466,6.04732269942446,"2","Temae","5 m","P. mea","Adult",4
"255","2TSML40P",1902838.94653364,6.04732269942446,"2","Temae","5 m","P. mea","Adult",4
"256","2TSML40P",1974644.18979906,6.04732269942446,"2","Temae","5 m","P. mea","Adult",4
"257","2TSML40P",1400202.24367569,6.04732269942446,"2","Temae","5 m","P. mea","Adult",4
"258","2TSML40P",1902838.94653364,6.04732269942446,"2","Temae","5 m","P. mea","Adult",4
"259","2TSML34P",281535.484704409,2.05557119535205,"2","Temae","5 m","P. mea","Adult",3
"260","2TSML34P",324192.376326289,2.05557119535205,"2","Temae","5 m","P. mea","Adult",3
"261","2TSML34P",349786.511299417,2.05557119535205,"2","Temae","5 m","P. mea","Adult",3
"262","2TSML34P",349786.511299417,2.05557119535205,"2","Temae","5 m","P. mea","Adult",3
"263","2TSML34P",255941.349731281,2.05557119535205,"2","Temae","5 m","P. mea","Adult",3
"264","2TSML34P",409506.159570049,2.05557119535205,"2","Temae","5 m","P. mea","Adult",3
"265","2TSAL41P",1377116.67214773,7.270170473936,"2","Temae","5 m","A. hya","Adult",4
"266","2TSAL41P",1559000.00620497,7.270170473936,"2","Temae","5 m","A. hya","Adult",4
"267","2TSAL41P",1740883.34026222,7.270170473936,"2","Temae","5 m","A. hya","Adult",4
"268","2TSAL41P",1429083.33902123,7.270170473936,"2","Temae","5 m","A. hya","Adult",4
"269","2TSAL41P",1584983.33964172,7.270170473936,"2","Temae","5 m","A. hya","Adult",4
"270","2TSAL41P",1273183.33840073,7.270170473936,"2","Temae","5 m","A. hya","Adult",4
"271","2TSML44P",165629.054203715,1.04181171981299,"2","Temae","5 m","P. mea","Adult",4
"272","2TSML44P",237401.644358658,1.04181171981299,"2","Temae","5 m","P. mea","Adult",4
"273","2TSML44P",187712.928097544,1.04181171981299,"2","Temae","5 m","P. mea","Adult",4
"274","2TSML44P",187712.928097544,1.04181171981299,"2","Temae","5 m","P. mea","Adult",4
"275","2TSML44P",171150.022677172,1.04181171981299,"2","Temae","5 m","P. mea","Adult",4
"276","2TSML44P",231880.675885201,1.04181171981299,"2","Temae","5 m","P. mea","Adult",4
"277","BTSAL53P",551892.199861969,2.19711536986942,"B","Temae","5 m","A. hya","Adult",5
"278","BTSAL53P",630733.942699394,2.19711536986942,"B","Temae","5 m","A. hya","Adult",5
"279","BTSAL53P",591313.071280682,2.19711536986942,"B","Temae","5 m","A. hya","Adult",5
"280","BTSAL53P",591313.071280682,2.19711536986942,"B","Temae","5 m","A. hya","Adult",5
"281","BTSAL53P",630733.942699394,2.19711536986942,"B","Temae","5 m","A. hya","Adult",5
"282","BTSAL53P",453340.021315189,2.19711536986942,"B","Temae","5 m","A. hya","Adult",5
"283","BTSAL52P",365946.643886943,1.78893515882283,"B","Temae","5 m","A. hya","Adult",5
"284","BTSAL52P",565553.904188912,1.78893515882283,"B","Temae","5 m","A. hya","Adult",5
"285","BTSAL52P",432482.397320933,1.78893515882283,"B","Temae","5 m","A. hya","Adult",5
"286","BTSAL52P",382580.582245441,1.78893515882283,"B","Temae","5 m","A. hya","Adult",5
"287","BTSAL52P",449116.33567943,1.78893515882283,"B","Temae","5 m","A. hya","Adult",5
"288","BTSAL52P",415848.458962435,1.78893515882283,"B","Temae","5 m","A. hya","Adult",5
"289","BTSAL51P",633735.491217677,2.53373632174108,"B","Temae","5 m","A. hya","Adult",5
"290","BTSAL51P",587364.601616384,2.53373632174108,"B","Temae","5 m","A. hya","Adult",5
"291","BTSAL51P",664649.41761854,2.53373632174108,"B","Temae","5 m","A. hya","Adult",5
"292","BTSAL51P",695563.344019402,2.53373632174108,"B","Temae","5 m","A. hya","Adult",5
"293","BTSAL51P",494622.822413797,2.53373632174108,"B","Temae","5 m","A. hya","Adult",5
"294","BTSAL51P",680106.380818971,2.53373632174108,"B","Temae","5 m","A. hya","Adult",5
"295","BTSAL50P",311119.407628648,1.15623055503702,"B","Temae","5 m","A. hya","Adult",5
"296","BTSAL50P",343527.679256632,1.15623055503702,"B","Temae","5 m","A. hya","Adult",5
"297","BTSAL50P",362972.642233423,1.15623055503702,"B","Temae","5 m","A. hya","Adult",5
"298","BTSAL50P",298156.098977454,1.15623055503702,"B","Temae","5 m","A. hya","Adult",5
"299","BTSAL50P",298156.098977454,1.15623055503702,"B","Temae","5 m","A. hya","Adult",5
"300","BTSAL50P",311119.407628648,1.15623055503702,"B","Temae","5 m","A. hya","Adult",5
"301","BTSAL49P",434836.254628122,1.1442196358186,"B","Temae","5 m","A. hya","Adult",4
"302","BTSAL49P",349990.156164098,1.1442196358186,"B","Temae","5 m","A. hya","Adult",4
"303","BTSAL49P",434836.254628122,1.1442196358186,"B","Temae","5 m","A. hya","Adult",4
"304","BTSAL49P",360595.918472101,1.1442196358186,"B","Temae","5 m","A. hya","Adult",4
"305","BTSAL49P",392413.20539611,1.1442196358186,"B","Temae","5 m","A. hya","Adult",4
"306","BTSAL49P",519682.353092146,1.1442196358186,"B","Temae","5 m","A. hya","Adult",4
"307","BTSAL54P",268767.520403451,1.41844671910481,"B","Temae","5 m","A. hya","Adult",5
"308","BTSAL54P",418082.80951648,1.41844671910481,"B","Temae","5 m","A. hya","Adult",5
"309","BTSAL54P",378265.399086339,1.41844671910481,"B","Temae","5 m","A. hya","Adult",5
"310","BTSAL54P",368311.046478804,1.41844671910481,"B","Temae","5 m","A. hya","Adult",5
"311","BTSAL54P",358356.693871268,1.41844671910481,"B","Temae","5 m","A. hya","Adult",5
"312","BTSAL54P",328493.636048663,1.41844671910481,"B","Temae","5 m","A. hya","Adult",5
"313","BTSAL56P",260241.292419945,1.58991952160143,"B","Temae","5 m","A. hya","Adult",5
"314","BTSAL56P",397210.393693601,1.58991952160143,"B","Temae","5 m","A. hya","Adult",5
"315","BTSAL56P",479391.854457794,1.58991952160143,"B","Temae","5 m","A. hya","Adult",5
"316","BTSAL56P",356119.663311504,1.58991952160143,"B","Temae","5 m","A. hya","Adult",5
"317","BTSAL56P",356119.663311504,1.58991952160143,"B","Temae","5 m","A. hya","Adult",5
"318","BTSAL56P",287635.112674677,1.58991952160143,"B","Temae","5 m","A. hya","Adult",5
"319","BTSAL57P",221175.508667819,0.95296992894199,"B","Temae","5 m","A. hya","Adult",5
"320","BTSAL57P",258038.093445788,0.95296992894199,"B","Temae","5 m","A. hya","Adult",5
"321","BTSAL57P",313331.970612743,0.95296992894199,"B","Temae","5 m","A. hya","Adult",5
"322","BTSAL57P",221175.508667819,0.95296992894199,"B","Temae","5 m","A. hya","Adult",5
"323","BTSAL57P",258038.093445788,0.95296992894199,"B","Temae","5 m","A. hya","Adult",5
"324","BTSAL57P",239606.801056803,0.95296992894199,"B","Temae","5 m","A. hya","Adult",5
"325","BTSAL58P",554539.591084441,1.5901775663177,"B","Temae","5 m","A. hya","Adult",5
"326","BTSAL58P",386497.290755823,1.5901775663177,"B","Temae","5 m","A. hya","Adult",5
"327","BTSAL58P",487322.670952994,1.5901775663177,"B","Temae","5 m","A. hya","Adult",5
"328","BTSAL58P",688973.431347336,1.5901775663177,"B","Temae","5 m","A. hya","Adult",5
"329","BTSAL58P",285671.910558651,1.5901775663177,"B","Temae","5 m","A. hya","Adult",5
"330","BTSAL58P",436909.980854408,1.5901775663177,"B","Temae","5 m","A. hya","Adult",5
"331","2ESML11P",564925.583283265,2.14356924299588,"2","E2B","5 m","P. mea","Adult",1
"332","2ESML11P",475726.806975381,2.14356924299588,"2","E2B","5 m","P. mea","Adult",1
"333","2ESML11P",401394.493385478,2.14356924299588,"2","E2B","5 m","P. mea","Adult",1
"334","2ESML11P",431127.418821439,2.14356924299588,"2","E2B","5 m","P. mea","Adult",1
"335","2ESML11P",431127.418821439,2.14356924299588,"2","E2B","5 m","P. mea","Adult",1
"336","2ESML11P",505459.732411343,2.14356924299588,"2","E2B","5 m","P. mea","Adult",1
"337","2ESML16P",336923.080292308,1.94461894252311,"2","E2B","5 m","P. mea","Adult",1
"338","2ESML16P",336923.080292308,1.94461894252311,"2","E2B","5 m","P. mea","Adult",1
"339","2ESML16P",294807.695255769,1.94461894252311,"2","E2B","5 m","P. mea","Adult",1
"340","2ESML16P",266730.771898077,1.94461894252311,"2","E2B","5 m","P. mea","Adult",1
"341","2ESML16P",336923.080292308,1.94461894252311,"2","E2B","5 m","P. mea","Adult",1
"342","2ESML16P",238653.848540385,1.94461894252311,"2","E2B","5 m","P. mea","Adult",1
"343","2ESPL06P",511274.418977525,2.20134058197754,"2","E2B","5 m","P. ver","Adult",0
"344","2ESPL06P",971421.396057297,2.20134058197754,"2","E2B","5 m","P. ver","Adult",0
"345","2ESPL06P",945857.67510842,2.20134058197754,"2","E2B","5 m","P. ver","Adult",0
"346","2ESPL06P",639093.023721906,2.20134058197754,"2","E2B","5 m","P. ver","Adult",0
"347","2ESPL06P",1124803.72175055,2.20134058197754,"2","E2B","5 m","P. ver","Adult",0
"348","2ESPL06P",1124803.72175055,2.20134058197754,"2","E2B","5 m","P. ver","Adult",0
"349","2ESPL03P",388017.779322127,1.02749948808955,"2","E2B","5 m","P. ver","Adult",0
"350","2ESPL03P",304871.112324528,1.02749948808955,"2","E2B","5 m","P. ver","Adult",0
"351","2ESPL03P",457306.668486792,1.02749948808955,"2","E2B","5 m","P. ver","Adult",0
"352","2ESPL03P",388017.779322127,1.02749948808955,"2","E2B","5 m","P. ver","Adult",0
"353","2ESPL03P",332586.667990394,1.02749948808955,"2","E2B","5 m","P. ver","Adult",0
"354","2ESPL03P",304871.112324528,1.02749948808955,"2","E2B","5 m","P. ver","Adult",0
"355","2ESPL05P",240752.181058662,0.756684105067373,"2","E2B","5 m","P. ver","Adult",0
"356","2ESPL05P",222918.686165427,0.756684105067373,"2","E2B","5 m","P. ver","Adult",0
"357","2ESPL05P",258585.675951896,0.756684105067373,"2","E2B","5 m","P. ver","Adult",0
"358","2ESPL05P",276419.17084513,0.756684105067373,"2","E2B","5 m","P. ver","Adult",0
"359","2ESPL05P",240752.181058662,0.756684105067373,"2","E2B","5 m","P. ver","Adult",0
"360","2ESPL05P",160501.454039108,0.756684105067373,"2","E2B","5 m","P. ver","Adult",0
"361","2ESAL16P",489165.898656436,2.06196330142738,"2","E2B","5 m","A. hya","Adult",1
"362","2ESAL16P",489165.898656436,2.06196330142738,"2","E2B","5 m","A. hya","Adult",1
"363","2ESAL16P",472298.109047593,2.06196330142738,"2","E2B","5 m","A. hya","Adult",1
"364","2ESAL16P",472298.109047593,2.06196330142738,"2","E2B","5 m","A. hya","Adult",1
"365","2ESAL16P",742182.742789075,2.06196330142738,"2","E2B","5 m","A. hya","Adult",1
"366","2ESAL16P",624108.215527177,2.06196330142738,"2","E2B","5 m","A. hya","Adult",1
"367","2ESML03P",919703.532879831,3.01228486272653,"2","E2B","5 m","P. mea","Adult",0
"368","2ESML03P",603555.443452389,3.01228486272653,"2","E2B","5 m","P. mea","Adult",0
"369","2ESML03P",661036.914257379,3.01228486272653,"2","E2B","5 m","P. mea","Adult",0
"370","2ESML03P",603555.443452389,3.01228486272653,"2","E2B","5 m","P. mea","Adult",0
"371","2ESML03P",632296.178854884,3.01228486272653,"2","E2B","5 m","P. mea","Adult",0
"372","2ESML03P",689777.649659873,3.01228486272653,"2","E2B","5 m","P. mea","Adult",0
"373","2ESML07P",427488.140651582,1.68195715175321,"2","E2B","5 m","P. mea","Adult",0
"374","2ESML07P",472486.892299117,1.68195715175321,"2","E2B","5 m","P. mea","Adult",0
"375","2ESML07P",517485.643946652,1.68195715175321,"2","E2B","5 m","P. mea","Adult",0
"376","2ESML07P",404988.764827815,1.68195715175321,"2","E2B","5 m","P. mea","Adult",0
"377","2ESML07P",449987.51647535,1.68195715175321,"2","E2B","5 m","P. mea","Adult",0
"378","2ESML07P",404988.764827815,1.68195715175321,"2","E2B","5 m","P. mea","Adult",0
"379","2ESAL27P",951160.453422898,5.56008927912209,"2","E2B","5 m","A. hya","Adult",2
"380","2ESAL27P",887749.756528038,5.56008927912209,"2","E2B","5 m","A. hya","Adult",2
"381","2ESAL27P",760928.362738319,5.56008927912209,"2","E2B","5 m","A. hya","Adult",2
"382","2ESAL27P",887749.756528038,5.56008927912209,"2","E2B","5 m","A. hya","Adult",2
"383","2ESAL27P",887749.756528038,5.56008927912209,"2","E2B","5 m","A. hya","Adult",2
"384","2ESAL27P",634106.968948599,5.56008927912209,"2","E2B","5 m","A. hya","Adult",2
"385","2TSML32P",288347.641143287,2.21130922516376,"2","Temae","5 m","P. mea","Adult",3
"386","2TSML32P",374851.933486274,2.21130922516376,"2","Temae","5 m","P. mea","Adult",3
"387","2TSML32P",720869.102858218,2.21130922516376,"2","Temae","5 m","P. mea","Adult",3
"388","2TSML32P",519025.754057917,2.21130922516376,"2","Temae","5 m","P. mea","Adult",3
"389","2TSML32P",259512.877028959,2.21130922516376,"2","Temae","5 m","P. mea","Adult",3
"390","2TSML32P",432521.461714931,2.21130922516376,"2","Temae","5 m","P. mea","Adult",3
"391","2ESPL26P",340400.340400341,1.39901653901654,"2","E2B","5 m","P. ver","Adult",2
"392","2ESPL26P",236800.236800237,1.39901653901654,"2","E2B","5 m","P. ver","Adult",2
"393","2ESPL26P",310800.310800311,1.39901653901654,"2","E2B","5 m","P. ver","Adult",2
"394","2ESPL26P",236800.236800237,1.39901653901654,"2","E2B","5 m","P. ver","Adult",2
"395","2ESPL26P",192400.192400192,1.39901653901654,"2","E2B","5 m","P. ver","Adult",2
"396","2ESPL26P",192400.192400192,1.39901653901654,"2","E2B","5 m","P. ver","Adult",2
"397","2TSPL41P",536510.397917648,2.82362739872069,"2","Temae","5 m","P. ver","Adult",4
"398","2TSPL41P",596122.664352942,2.82362739872069,"2","Temae","5 m","P. ver","Adult",4
"399","2TSPL41P",685541.064005884,2.82362739872069,"2","Temae","5 m","P. ver","Adult",4
"400","2TSPL41P",655734.930788237,2.82362739872069,"2","Temae","5 m","P. ver","Adult",4
"401","2TSPL41P",506704.264700001,2.82362739872069,"2","Temae","5 m","P. ver","Adult",4
"402","2TSPL41P",625928.797570589,2.82362739872069,"2","Temae","5 m","P. ver","Adult",4
"403","2ESML12P",255098.803193177,2.07465479166931,"2","E2B","5 m","P. mea","Adult",1
"404","2ESML12P",437312.234045446,2.07465479166931,"2","E2B","5 m","P. mea","Adult",1
"405","2ESML12P",267246.365249995,2.07465479166931,"2","E2B","5 m","P. mea","Adult",1
"406","2ESML12P",364426.861704539,2.07465479166931,"2","E2B","5 m","P. mea","Adult",1
"407","2ESML12P",279393.927306813,2.07465479166931,"2","E2B","5 m","P. mea","Adult",1
"408","2ESML12P",388721.985818175,2.07465479166931,"2","E2B","5 m","P. mea","Adult",1
"409","2ESPL07P",483899.189680034,2.27068636227879,"2","E2B","5 m","P. ver","Adult",0
"410","2ESPL07P",423411.79097003,2.27068636227879,"2","E2B","5 m","P. ver","Adult",0
"411","2ESPL07P",383086.858496694,2.27068636227879,"2","E2B","5 m","P. ver","Adult",0
"412","2ESPL07P",362924.392260025,2.27068636227879,"2","E2B","5 m","P. ver","Adult",0
"413","2ESPL07P",584711.520863374,2.27068636227879,"2","E2B","5 m","P. ver","Adult",0
"414","2ESPL07P",544386.588390038,2.27068636227879,"2","E2B","5 m","P. ver","Adult",0
"415","2ESAL13P",983928.352349406,5.62019669876907,"2","E2B","5 m","A. hya","Adult",1
"416","2ESAL13P",1202579.09731594,5.62019669876907,"2","E2B","5 m","A. hya","Adult",1
"417","2ESAL13P",901934.322986955,5.62019669876907,"2","E2B","5 m","A. hya","Adult",1
"418","2ESAL13P",792608.950503688,5.62019669876907,"2","E2B","5 m","A. hya","Adult",1
"419","2ESAL13P",1393898.49916166,5.62019669876907,"2","E2B","5 m","A. hya","Adult",1
"420","2ESAL13P",1229910.44043676,5.62019669876907,"2","E2B","5 m","A. hya","Adult",1
"421","2ESPL18P",245918.178880107,1.95466446600097,"2","E2B","5 m","P. ver","Adult",1
"422","2ESPL18P",252389.709903268,1.95466446600097,"2","E2B","5 m","P. ver","Adult",1
"423","2ESPL18P",375348.799343321,1.95466446600097,"2","E2B","5 m","P. ver","Adult",1
"424","2ESPL18P",355934.206273839,1.95466446600097,"2","E2B","5 m","P. ver","Adult",1
"425","2ESPL18P",349462.675250678,1.95466446600097,"2","E2B","5 m","P. ver","Adult",1
"426","2ESPL18P",291218.896042232,1.95466446600097,"2","E2B","5 m","P. ver","Adult",1
"427","2ESPL22P",927717.046813557,6.30051610607053,"2","E2B","5 m","P. ver","Adult",2
"428","2ESPL22P",824637.374945384,6.30051610607053,"2","E2B","5 m","P. ver","Adult",2
"429","2ESPL22P",783405.506198115,6.30051610607053,"2","E2B","5 m","P. ver","Adult",2
"430","2ESPL22P",1278187.93116535,6.30051610607053,"2","E2B","5 m","P. ver","Adult",2
"431","2ESPL22P",948332.981187191,6.30051610607053,"2","E2B","5 m","P. ver","Adult",2
"432","2ESPL22P",907101.112439922,6.30051610607053,"2","E2B","5 m","P. ver","Adult",2
"433","2ESAL11P",424024.193124363,2.72791061866826,"2","E2B","5 m","A. hya","Adult",1
"434","2ESAL11P",653703.964400059,2.72791061866826,"2","E2B","5 m","A. hya","Adult",1
"435","2ESAL11P",600700.940259514,2.72791061866826,"2","E2B","5 m","A. hya","Adult",1
"436","2ESAL11P",530030.241405454,2.72791061866826,"2","E2B","5 m","A. hya","Adult",1
"437","2ESAL11P",636036.289686544,2.72791061866826,"2","E2B","5 m","A. hya","Adult",1
"438","2ESAL11P",671371.639113575,2.72791061866826,"2","E2B","5 m","A. hya","Adult",1
"439","2ESML15P",343179.684238969,2.05234917247296,"2","E2B","5 m","P. mea","Adult",1
"440","2ESML15P",566992.521786123,2.05234917247296,"2","E2B","5 m","P. mea","Adult",1
"441","2ESML15P",477467.386767261,2.05234917247296,"2","E2B","5 m","P. mea","Adult",1
"442","2ESML15P",447625.675094307,2.05234917247296,"2","E2B","5 m","P. mea","Adult",1
"443","2ESML15P",462546.530930784,2.05234917247296,"2","E2B","5 m","P. mea","Adult",1
"444","2ESML15P",507309.098440215,2.05234917247296,"2","E2B","5 m","P. mea","Adult",1
"445","2ESPL02P",489734.073108396,3.26365124054499,"2","E2B","5 m","P. ver","Adult",0
"446","2ESPL02P",489734.073108396,3.26365124054499,"2","E2B","5 m","P. ver","Adult",0
"447","2ESPL02P",662581.393029007,3.26365124054499,"2","E2B","5 m","P. ver","Adult",0
"448","2ESPL02P",576157.733068702,3.26365124054499,"2","E2B","5 m","P. ver","Adult",0
"449","2ESPL02P",489734.073108396,3.26365124054499,"2","E2B","5 m","P. ver","Adult",0
"450","2ESPL02P",518541.959761832,3.26365124054499,"2","E2B","5 m","P. ver","Adult",0
"451","2ESAL19P",884734.47286397,4.77296410721546,"2","E2B","5 m","A. hya","Adult",1
"452","2ESAL19P",998893.759685127,4.77296410721546,"2","E2B","5 m","A. hya","Adult",1
"453","2ESAL19P",998893.759685127,4.77296410721546,"2","E2B","5 m","A. hya","Adult",1
"454","2ESAL19P",998893.759685127,4.77296410721546,"2","E2B","5 m","A. hya","Adult",1
"455","2ESAL19P",1113053.04650628,4.77296410721546,"2","E2B","5 m","A. hya","Adult",1
"456","2ESAL19P",970353.937979838,4.77296410721546,"2","E2B","5 m","A. hya","Adult",1
"457","2ESAL26P",1006049.16555837,3.83032452057145,"2","E2B","5 m","A. hya","Adult",2
"458","2ESAL26P",689862.284954309,3.83032452057145,"2","E2B","5 m","A. hya","Adult",2
"459","2ESAL26P",919816.379939079,3.83032452057145,"2","E2B","5 m","A. hya","Adult",2
"460","2ESAL26P",833583.59431979,3.83032452057145,"2","E2B","5 m","A. hya","Adult",2
"461","2ESAL26P",632373.761208117,3.83032452057145,"2","E2B","5 m","A. hya","Adult",2
"462","2ESAL26P",747350.808700502,3.83032452057145,"2","E2B","5 m","A. hya","Adult",2
"463","2ESAL05P",666089.430583634,3.81192313284477,"2","E2B","5 m","A. hya","Adult",0
"464","2ESAL05P",645274.135877895,3.81192313284477,"2","E2B","5 m","A. hya","Adult",0
"465","2ESAL05P",686904.725289372,3.81192313284477,"2","E2B","5 m","A. hya","Adult",0
"466","2ESAL05P",645274.135877895,3.81192313284477,"2","E2B","5 m","A. hya","Adult",0
"467","2ESAL05P",478751.778231987,3.81192313284477,"2","E2B","5 m","A. hya","Adult",0
"468","2ESAL05P",457936.483526248,3.81192313284477,"2","E2B","5 m","A. hya","Adult",0
"469","2TSML09P",367469.408629923,1.76842356219347,"2","Temae","5 m","P. mea","Adult",0
"470","2TSML09P",275602.056472443,1.76842356219347,"2","Temae","5 m","P. mea","Adult",0
"471","2TSML09P",336846.957910763,1.76842356219347,"2","Temae","5 m","P. mea","Adult",0
"472","2TSML09P",367469.408629923,1.76842356219347,"2","Temae","5 m","P. mea","Adult",0
"473","2TSML09P",382780.633989504,1.76842356219347,"2","Temae","5 m","P. mea","Adult",0
"474","2TSML09P",336846.957910763,1.76842356219347,"2","Temae","5 m","P. mea","Adult",0
"475","2ESAL12P",812374.756781379,4.35476280910885,"2","E2B","5 m","A. hya","Adult",1
"476","2ESAL12P",660054.48988487,4.35476280910885,"2","E2B","5 m","A. hya","Adult",1
"477","2ESAL12P",482347.511838944,4.35476280910885,"2","E2B","5 m","A. hya","Adult",1
"478","2ESAL12P",1066241.86827556,4.35476280910885,"2","E2B","5 m","A. hya","Adult",1
"479","2ESAL12P",863148.179080215,4.35476280910885,"2","E2B","5 m","A. hya","Adult",1
"480","2ESAL12P",482347.511838944,4.35476280910885,"2","E2B","5 m","A. hya","Adult",1
"481","2ESML14P",428923.451522322,1.6092860677371,"2","E2B","5 m","P. mea","Adult",1
"482","2ESML14P",367648.672733419,1.6092860677371,"2","E2B","5 m","P. mea","Adult",1
"483","2ESML14P",347223.746470451,1.6092860677371,"2","E2B","5 m","P. mea","Adult",1
"484","2ESML14P",510623.156574192,1.6092860677371,"2","E2B","5 m","P. mea","Adult",1
"485","2ESML14P",347223.746470451,1.6092860677371,"2","E2B","5 m","P. mea","Adult",1
"486","2ESML14P",449348.377785289,1.6092860677371,"2","E2B","5 m","P. mea","Adult",1
"487","2ESPL23P",513267.911514148,2.59254879382927,"2","E2B","5 m","P. ver","Adult",2
"488","2ESPL23P",789642.940790997,2.59254879382927,"2","E2B","5 m","P. ver","Adult",2
"489","2ESPL23P",723839.362391747,2.59254879382927,"2","E2B","5 m","P. ver","Adult",2
"490","2ESPL23P",697517.931032047,2.59254879382927,"2","E2B","5 m","P. ver","Adult",2
"491","2ESPL23P",697517.931032047,2.59254879382927,"2","E2B","5 m","P. ver","Adult",2
"492","2ESPL23P",684357.215352198,2.59254879382927,"2","E2B","5 m","P. ver","Adult",2
"493","2ESML09P",684718.406021494,5.19486246503133,"2","E2B","5 m","P. mea","Adult",0
"494","2ESML09P",861419.930156074,5.19486246503133,"2","E2B","5 m","P. mea","Adult",0
"495","2ESML09P",817244.549122429,5.19486246503133,"2","E2B","5 m","P. mea","Adult",0
"496","2ESML09P",640543.02498785,5.19486246503133,"2","E2B","5 m","P. mea","Adult",0
"497","2ESML09P",662630.715504672,5.19486246503133,"2","E2B","5 m","P. mea","Adult",0
"498","2ESML09P",706806.096538317,5.19486246503133,"2","E2B","5 m","P. mea","Adult",0
"499","2ESML05P",1624036.33036737,6.68696661948949,"2","E2B","5 m","P. mea","Adult",0
"500","2ESML05P",1227929.90832655,6.68696661948949,"2","E2B","5 m","P. mea","Adult",0
"501","2ESML05P",1109097.9817143,6.68696661948949,"2","E2B","5 m","P. mea","Adult",0
"502","2ESML05P",1188319.26612247,6.68696661948949,"2","E2B","5 m","P. mea","Adult",0
"503","2ESML05P",1505204.40375513,6.68696661948949,"2","E2B","5 m","P. mea","Adult",0
"504","2ESML05P",1465593.76155104,6.68696661948949,"2","E2B","5 m","P. mea","Adult",0
"505","2TSPL03P",712265.254423879,2.93738846958195,"2","Temae","5 m","P. ver","Adult",0
"506","2TSPL03P",487339.384605812,2.93738846958195,"2","Temae","5 m","P. ver","Adult",0
"507","2TSPL03P",749752.899393557,2.93738846958195,"2","Temae","5 m","P. ver","Adult",0
"508","2TSPL03P",656033.786969363,2.93738846958195,"2","Temae","5 m","P. ver","Adult",0
"509","2TSPL03P",731009.076908718,2.93738846958195,"2","Temae","5 m","P. ver","Adult",0
"510","2TSPL03P",468595.562120973,2.93738846958195,"2","Temae","5 m","P. ver","Adult",0
"511","2ESPL08P",714079.661448083,3.45454185750239,"2","E2B","5 m","P. ver","Adult",0
"512","2ESPL08P",892599.576810104,3.45454185750239,"2","E2B","5 m","P. ver","Adult",0
"513","2ESPL08P",684326.34222108,3.45454185750239,"2","E2B","5 m","P. ver","Adult",0
"514","2ESPL08P",862846.257583101,3.45454185750239,"2","E2B","5 m","P. ver","Adult",0
"515","2ESPL08P",624819.703767073,3.45454185750239,"2","E2B","5 m","P. ver","Adult",0
"516","2ESPL08P",773586.29990209,3.45454185750239,"2","E2B","5 m","P. ver","Adult",0
"517","2ESAL08P",1564933.04266584,6.38254621896323,"2","E2B","5 m","A. hya","Adult",0
"518","2ESAL08P",1375244.18900937,6.38254621896323,"2","E2B","5 m","A. hya","Adult",0
"519","2ESAL08P",1138133.12193879,6.38254621896323,"2","E2B","5 m","A. hya","Adult",0
"520","2ESAL08P",1280399.76218114,6.38254621896323,"2","E2B","5 m","A. hya","Adult",0
"521","2ESAL08P",1138133.12193879,6.38254621896323,"2","E2B","5 m","A. hya","Adult",0
"522","2ESAL08P",1043288.69511056,6.38254621896323,"2","E2B","5 m","A. hya","Adult",0
"523","2ESAL02P",756714.782215693,4.53928368147403,"2","E2B","5 m","A. hya","Adult",0
"524","2ESAL02P",756714.782215693,4.53928368147403,"2","E2B","5 m","A. hya","Adult",0
"525","2ESAL02P",536006.304069449,4.53928368147403,"2","E2B","5 m","A. hya","Adult",0
"526","2ESAL02P",567536.08666177,4.53928368147403,"2","E2B","5 m","A. hya","Adult",0
"527","2ESAL02P",693655.217031052,4.53928368147403,"2","E2B","5 m","A. hya","Adult",0
"528","2ESAL02P",819774.347400334,4.53928368147403,"2","E2B","5 m","A. hya","Adult",0
"529","2ESML21P",298301.019862989,4.1354388232898,"2","E2B","5 m","P. mea","Adult",2
"530","2ESML21P",435978.413645907,4.1354388232898,"2","E2B","5 m","P. mea","Adult",2
"531","2ESML21P",321247.252160142,4.1354388232898,"2","E2B","5 m","P. mea","Adult",2
"532","2ESML21P",252408.555268683,4.1354388232898,"2","E2B","5 m","P. mea","Adult",2
"533","2ESML21P",275354.787565836,4.1354388232898,"2","E2B","5 m","P. mea","Adult",2
"534","2ESML21P",413032.181348754,4.1354388232898,"2","E2B","5 m","P. mea","Adult",2
"535","2TSPL34P",231307.599206384,1.20063823549311,"2","Temae","5 m","P. ver","Adult",3
"536","2TSPL34P",216850.874255985,1.20063823549311,"2","Temae","5 m","P. ver","Adult",3
"537","2TSPL34P",346961.398809575,1.20063823549311,"2","Temae","5 m","P. ver","Adult",3
"538","2TSPL34P",187937.424355187,1.20063823549311,"2","Temae","5 m","P. ver","Adult",3
"539","2TSPL34P",274677.77405758,1.20063823549311,"2","Temae","5 m","P. ver","Adult",3
"540","2TSPL34P",260221.049107182,1.20063823549311,"2","Temae","5 m","P. ver","Adult",3
"541","2TSAL44P",1051123.2899636,4.16047939347813,"2","Temae","5 m","A. hya","Adult",4
"542","2TSAL44P",970267.652274096,4.16047939347813,"2","Temae","5 m","A. hya","Adult",4
"543","2TSAL44P",606417.28267131,4.16047939347813,"2","Temae","5 m","A. hya","Adult",4
"544","2TSAL44P",970267.652274096,4.16047939347813,"2","Temae","5 m","A. hya","Adult",4
"545","2TSAL44P",889412.014584588,4.16047939347813,"2","Temae","5 m","A. hya","Adult",4
"546","2TSAL44P",848984.195739834,4.16047939347813,"2","Temae","5 m","A. hya","Adult",4
"547","2ESML17P",192727.43921302,1.0638973826739,"2","E2B","5 m","P. mea","Adult",1
"548","2ESML17P",337273.018622786,1.0638973826739,"2","E2B","5 m","P. mea","Adult",1
"549","2ESML17P",240909.299016276,1.0638973826739,"2","E2B","5 m","P. mea","Adult",1
"550","2ESML17P",202363.811173672,1.0638973826739,"2","E2B","5 m","P. mea","Adult",1
"551","2ESML17P",298727.530780182,1.0638973826739,"2","E2B","5 m","P. mea","Adult",1
"552","2ESML17P",173454.695291718,1.0638973826739,"2","E2B","5 m","P. mea","Adult",1
"553","2ESPL09P",689379.114036649,2.57186666073653,"2","E2B","5 m","P. ver","Adult",0
"554","2ESPL09P",517034.335527487,2.57186666073653,"2","E2B","5 m","P. ver","Adult",0
"555","2ESPL09P",615517.066104151,2.57186666073653,"2","E2B","5 m","P. ver","Adult",0
"556","2ESPL09P",763241.161969147,2.57186666073653,"2","E2B","5 m","P. ver","Adult",0
"557","2ESPL09P",566275.700815819,2.57186666073653,"2","E2B","5 m","P. ver","Adult",0
"558","2ESPL09P",615517.066104151,2.57186666073653,"2","E2B","5 m","P. ver","Adult",0
"559","2ESPL19P",829265.227057518,3.43004575684964,"2","E2B","5 m","P. ver","Adult",1
"560","2ESPL19P",592332.305041084,3.43004575684964,"2","E2B","5 m","P. ver","Adult",1
"561","2ESPL19P",643103.645473177,3.43004575684964,"2","E2B","5 m","P. ver","Adult",1
"562","2ESPL19P",778493.886625425,3.43004575684964,"2","E2B","5 m","P. ver","Adult",1
"563","2ESPL19P",778493.886625425,3.43004575684964,"2","E2B","5 m","P. ver","Adult",1
"564","2ESPL19P",947731.688065734,3.43004575684964,"2","E2B","5 m","P. ver","Adult",1
"565","2ESPL21P",714600.301135549,4.97216997941083,"2","E2B","5 m","P. ver","Adult",2
"566","2ESPL21P",840706.236630058,4.97216997941083,"2","E2B","5 m","P. ver","Adult",2
"567","2ESPL21P",651547.333388295,4.97216997941083,"2","E2B","5 m","P. ver","Adult",2
"568","2ESPL21P",756635.612967052,4.97216997941083,"2","E2B","5 m","P. ver","Adult",2
"569","2ESPL21P",882741.548461561,4.97216997941083,"2","E2B","5 m","P. ver","Adult",2
"570","2ESPL21P",840706.236630058,4.97216997941083,"2","E2B","5 m","P. ver","Adult",2
"571","2ESPL04P",491571.196798822,2.55830107762869,"2","E2B","5 m","P. ver","Adult",0
"572","2ESPL04P",534316.518259589,2.55830107762869,"2","E2B","5 m","P. ver","Adult",0
"573","2ESPL04P",470198.536068438,2.55830107762869,"2","E2B","5 m","P. ver","Adult",0
"574","2ESPL04P",448825.875338055,2.55830107762869,"2","E2B","5 m","P. ver","Adult",0
"575","2ESPL04P",683925.143372274,2.55830107762869,"2","E2B","5 m","P. ver","Adult",0
"576","2ESPL04P",619807.161181123,2.55830107762869,"2","E2B","5 m","P. ver","Adult",0
"577","2ESPL16P",252269.650967008,1.16383552350084,"2","E2B","5 m","P. ver","Adult",1
"578","2ESPL16P",220735.944596132,1.16383552350084,"2","E2B","5 m","P. ver","Adult",1
"579","2ESPL16P",315337.063708761,1.16383552350084,"2","E2B","5 m","P. ver","Adult",1
"580","2ESPL16P",220735.944596132,1.16383552350084,"2","E2B","5 m","P. ver","Adult",1
"581","2ESPL16P",178691.002768298,1.16383552350084,"2","E2B","5 m","P. ver","Adult",1
"582","2ESPL16P",189202.238225256,1.16383552350084,"2","E2B","5 m","P. ver","Adult",1
"583","2ESML04P",82819.805788588,0.679026129442192,"2","E2B","5 m","P. mea","Adult",0
"584","2ESML04P",93172.2815121615,0.679026129442192,"2","E2B","5 m","P. mea","Adult",0
"585","2ESML04P",124229.708682882,0.679026129442192,"2","E2B","5 m","P. mea","Adult",0
"586","2ESML04P",72467.3300650145,0.679026129442192,"2","E2B","5 m","P. mea","Adult",0
"587","2ESML04P",82819.805788588,0.679026129442192,"2","E2B","5 m","P. mea","Adult",0
"588","2ESML04P",62114.854341441,0.679026129442192,"2","E2B","5 m","P. mea","Adult",0
"589","2ESPL32P",387756.820209409,1.6844784703364,"2","E2B","5 m","P. ver","Adult",3
"590","2ESPL32P",347644.045704988,1.6844784703364,"2","E2B","5 m","P. ver","Adult",3
"591","2ESPL32P",361014.970539795,1.6844784703364,"2","E2B","5 m","P. ver","Adult",3
"592","2ESPL32P",334273.12087018,1.6844784703364,"2","E2B","5 m","P. ver","Adult",3
"593","2ESPL32P",387756.820209409,1.6844784703364,"2","E2B","5 m","P. ver","Adult",3
"594","2ESPL32P",401127.745044216,1.6844784703364,"2","E2B","5 m","P. ver","Adult",3
"595","2ESPL34P",370673.630167302,1.27301886316918,"2","E2B","5 m","P. ver","Adult",3
"596","2ESPL34P",329487.671259824,1.27301886316918,"2","E2B","5 m","P. ver","Adult",3
"597","2ESPL34P",343216.324228983,1.27301886316918,"2","E2B","5 m","P. ver","Adult",3
"598","2ESPL34P",329487.671259824,1.27301886316918,"2","E2B","5 m","P. ver","Adult",3
"599","2ESPL34P",549146.118766373,1.27301886316918,"2","E2B","5 m","P. ver","Adult",3
"600","2ESPL34P",329487.671259824,1.27301886316918,"2","E2B","5 m","P. ver","Adult",3
"601","2ESPL30P",3085977.47122344,10.2697765406272,"2","E2B","5 m","P. ver","Adult",3
"602","2ESPL30P",3298803.50372161,10.2697765406272,"2","E2B","5 m","P. ver","Adult",3
"603","2ESPL30P",2660325.4062271,10.2697765406272,"2","E2B","5 m","P. ver","Adult",3
"604","2ESPL30P",1702608.25998535,10.2697765406272,"2","E2B","5 m","P. ver","Adult",3
"605","2ESPL30P",1702608.25998535,10.2697765406272,"2","E2B","5 m","P. ver","Adult",3
"606","2ESPL30P",2553912.38997802,10.2697765406272,"2","E2B","5 m","P. ver","Adult",3
"607","2ESML02P",152969.223050086,0.812531121169936,"2","E2B","5 m","P. mea","Adult",0
"608","2ESML02P",215956.550188356,0.812531121169936,"2","E2B","5 m","P. mea","Adult",0
"609","2ESML02P",260947.498144264,0.812531121169936,"2","E2B","5 m","P. mea","Adult",0
"610","2ESML02P",269945.687735445,0.812531121169936,"2","E2B","5 m","P. mea","Adult",0
"611","2ESML02P",206958.360597175,0.812531121169936,"2","E2B","5 m","P. mea","Adult",0
"612","2ESML02P",197960.171005993,0.812531121169936,"2","E2B","5 m","P. mea","Adult",0
"613","2TSAL43P",480977.634420055,1.83409623125537,"2","Temae","5 m","A. hya","Adult",4
"614","2TSAL43P",390794.327966294,1.83409623125537,"2","Temae","5 m","A. hya","Adult",4
"615","2TSAL43P",270549.919361281,1.83409623125537,"2","Temae","5 m","A. hya","Adult",4
"616","2TSAL43P",390794.327966294,1.83409623125537,"2","Temae","5 m","A. hya","Adult",4
"617","2TSAL43P",345702.674739414,1.83409623125537,"2","Temae","5 m","A. hya","Adult",4
"618","2TSAL43P",360733.225815041,1.83409623125537,"2","Temae","5 m","A. hya","Adult",4
"619","2ESML01P",78840.4128485101,1.72403878594415,"2","E2B","5 m","P. mea","Adult",0
"620","2ESML01P",220753.155975828,1.72403878594415,"2","E2B","5 m","P. mea","Adult",0
"621","2ESML01P",236521.23854553,1.72403878594415,"2","E2B","5 m","P. mea","Adult",0
"622","2ESML01P",204985.073406126,1.72403878594415,"2","E2B","5 m","P. mea","Adult",0
"623","2ESML01P",157680.82569702,1.72403878594415,"2","E2B","5 m","P. mea","Adult",0
"624","2ESML01P",268057.403684934,1.72403878594415,"2","E2B","5 m","P. mea","Adult",0
"625","2ESAL33P",1044604.43619078,5.79902972894145,"2","E2B","5 m","A. hya","Adult",3
"626","2ESAL33P",854676.356883366,5.79902972894145,"2","E2B","5 m","A. hya","Adult",3
"627","2ESAL33P",949640.396537073,5.79902972894145,"2","E2B","5 m","A. hya","Adult",3
"628","2ESAL33P",949640.396537073,5.79902972894145,"2","E2B","5 m","A. hya","Adult",3
"629","2ESAL33P",886331.036767935,5.79902972894145,"2","E2B","5 m","A. hya","Adult",3
"630","2ESAL33P",1107913.79595992,5.79902972894145,"2","E2B","5 m","A. hya","Adult",3
"631","2ESAL15P",236194.98683711,2.11654883457644,"2","E2B","5 m","A. hya","Adult",1
"632","2ESAL15P",430708.505408847,2.11654883457644,"2","E2B","5 m","A. hya","Adult",1
"633","2ESAL15P",361239.391633227,2.11654883457644,"2","E2B","5 m","A. hya","Adult",1
"634","2ESAL15P",305664.10061273,2.11654883457644,"2","E2B","5 m","A. hya","Adult",1
"635","2ESAL15P",458496.150919096,2.11654883457644,"2","E2B","5 m","A. hya","Adult",1
"636","2ESAL15P",319557.923367855,2.11654883457644,"2","E2B","5 m","A. hya","Adult",1
"637","2ESAL35P",775221.495822966,5.69329333437251,"2","E2B","5 m","A. hya","Adult",3
"638","2ESAL35P",1364389.83264842,5.69329333437251,"2","E2B","5 m","A. hya","Adult",3
"639","2ESAL35P",1395398.69248134,5.69329333437251,"2","E2B","5 m","A. hya","Adult",3
"640","2ESAL35P",961274.654820478,5.69329333437251,"2","E2B","5 m","A. hya","Adult",3
"641","2ESAL35P",1178336.67365091,5.69329333437251,"2","E2B","5 m","A. hya","Adult",3
"642","2ESAL35P",1209345.53348383,5.69329333437251,"2","E2B","5 m","A. hya","Adult",3
"643","2ESAL28P",723558.508260903,2.32421464023567,"2","E2B","5 m","A. hya","Adult",2
"644","2ESAL28P",562767.728647369,2.32421464023567,"2","E2B","5 m","A. hya","Adult",2
"645","2ESAL28P",514530.494763309,2.32421464023567,"2","E2B","5 m","A. hya","Adult",2
"646","2ESAL28P",482372.338840602,2.32421464023567,"2","E2B","5 m","A. hya","Adult",2
"647","2ESAL28P",466293.260879249,2.32421464023567,"2","E2B","5 m","A. hya","Adult",2
"648","2ESAL28P",611004.962531429,2.32421464023567,"2","E2B","5 m","A. hya","Adult",2
"649","2ESAL29P",578642.431562403,2.10255279347745,"2","E2B","5 m","A. hya","Adult",2
"650","2ESAL29P",641198.37010969,2.10255279347745,"2","E2B","5 m","A. hya","Adult",2
"651","2ESAL29P",531725.477651938,2.10255279347745,"2","E2B","5 m","A. hya","Adult",2
"652","2ESAL29P",563003.446925581,2.10255279347745,"2","E2B","5 m","A. hya","Adult",2
"653","2ESAL29P",703754.308656977,2.10255279347745,"2","E2B","5 m","A. hya","Adult",2
"654","2ESAL29P",594281.416199225,2.10255279347745,"2","E2B","5 m","A. hya","Adult",2
"655","2ESAL20P",240315.696917918,2.13160023166193,"2","E2B","5 m","A. hya","Adult",2
"656","2ESAL20P",400526.161529863,2.13160023166193,"2","E2B","5 m","A. hya","Adult",2
"657","2ESAL20P",280368.313070904,2.13160023166193,"2","E2B","5 m","A. hya","Adult",2
"658","2ESAL20P",300394.621147397,2.13160023166193,"2","E2B","5 m","A. hya","Adult",2
"659","2ESAL20P",200263.080764932,2.13160023166193,"2","E2B","5 m","A. hya","Adult",2
"660","2ESAL20P",300394.621147397,2.13160023166193,"2","E2B","5 m","A. hya","Adult",2
"661","2ESML26P",566319.572035576,2.72869466469985,"2","E2B","5 m","P. mea","Adult",2
"662","2ESML26P",468678.266512201,2.72869466469985,"2","E2B","5 m","P. mea","Adult",2
"663","2ESML26P",644432.616454277,2.72869466469985,"2","E2B","5 m","P. mea","Adult",2
"664","2ESML26P",585847.833140251,2.72869466469985,"2","E2B","5 m","P. mea","Adult",2
"665","2ESML26P",527263.049826226,2.72869466469985,"2","E2B","5 m","P. mea","Adult",2
"666","2ESML26P",683489.138663627,2.72869466469985,"2","E2B","5 m","P. mea","Adult",2
"667","2ESML25P",493898.281846413,2.50265914834946,"2","E2B","5 m","P. mea","Adult",2
"668","2ESML25P",559751.386092601,2.50265914834946,"2","E2B","5 m","P. mea","Adult",2
"669","2ESML25P",444508.453661771,2.50265914834946,"2","E2B","5 m","P. mea","Adult",2
"670","2ESML25P",576214.662154148,2.50265914834946,"2","E2B","5 m","P. mea","Adult",2
"671","2ESML25P",642067.766400336,2.50265914834946,"2","E2B","5 m","P. mea","Adult",2
"672","2ESML25P",576214.662154148,2.50265914834946,"2","E2B","5 m","P. mea","Adult",2
"673","2ESML24P",401756.943914499,2.51859102178745,"2","E2B","5 m","P. mea","Adult",2
"674","2ESML24P",634353.069338682,2.51859102178745,"2","E2B","5 m","P. mea","Adult",2
"675","2ESML24P",697788.37627255,2.51859102178745,"2","E2B","5 m","P. mea","Adult",2
"676","2ESML24P",549772.660093524,2.51859102178745,"2","E2B","5 m","P. mea","Adult",2
"677","2ESML24P",444047.148537077,2.51859102178745,"2","E2B","5 m","P. mea","Adult",2
"678","2ESML24P",613207.967027393,2.51859102178745,"2","E2B","5 m","P. mea","Adult",2
"679","2ESAL06P",1083916.08391608,6.78595382204003,"2","E2B","5 m","A. hya","Adult",0
"680","2ESAL06P",971786.8338558,6.78595382204003,"2","E2B","5 m","A. hya","Adult",0
"681","2ESAL06P",934410.417169038,6.78595382204003,"2","E2B","5 m","A. hya","Adult",0
"682","2ESAL06P",1009163.25054256,6.78595382204003,"2","E2B","5 m","A. hya","Adult",0
"683","2ESAL06P",1495056.66747046,6.78595382204003,"2","E2B","5 m","A. hya","Adult",0
"684","2ESAL06P",1009163.25054256,6.78595382204003,"2","E2B","5 m","A. hya","Adult",0
"685","2TSPL42P",500014.750215634,1.2026075352179,"2","Temae","5 m","P. ver","Adult",4
"686","2TSPL42P",455895.801667196,1.2026075352179,"2","Temae","5 m","P. ver","Adult",4
"687","2TSPL42P",411776.853118758,1.2026075352179,"2","Temae","5 m","P. ver","Adult",4
"688","2TSPL42P",397070.536935945,1.2026075352179,"2","Temae","5 m","P. ver","Adult",4
"689","2TSPL42P",485308.434032821,1.2026075352179,"2","Temae","5 m","P. ver","Adult",4
"690","2TSPL42P",485308.434032821,1.2026075352179,"2","Temae","5 m","P. ver","Adult",4
"691","2ESAL04P",485341.581495427,3.17650133136094,"2","E2B","5 m","A. hya","Adult",0
"692","2ESAL04P",701048.95104895,3.17650133136094,"2","E2B","5 m","A. hya","Adult",0
"693","2ESAL04P",404451.317912856,3.17650133136094,"2","E2B","5 m","A. hya","Adult",0
"694","2ESAL04P",620158.687466379,3.17650133136094,"2","E2B","5 m","A. hya","Adult",0
"695","2ESAL04P",593195.266272189,3.17650133136094,"2","E2B","5 m","A. hya","Adult",0
"696","2ESAL04P",647122.108660569,3.17650133136094,"2","E2B","5 m","A. hya","Adult",0
"697","2ESAL03P",794077.717154639,5.4953255078255,"2","E2B","5 m","A. hya","Adult",0
"698","2ESAL03P",1191116.57573196,5.4953255078255,"2","E2B","5 m","A. hya","Adult",0
"699","2ESAL03P",1058770.28953952,5.4953255078255,"2","E2B","5 m","A. hya","Adult",0
"700","2ESAL03P",727904.57405842,5.4953255078255,"2","E2B","5 m","A. hya","Adult",0
"701","2ESAL03P",760991.145606529,5.4953255078255,"2","E2B","5 m","A. hya","Adult",0
"702","2ESAL03P",1091856.86108763,5.4953255078255,"2","E2B","5 m","A. hya","Adult",0
"703","2TSAL38P",122283.445873039,1.23578060714497,"2","Temae","5 m","A. hya","Adult",3
"704","2TSAL38P",138587.905322778,1.23578060714497,"2","Temae","5 m","A. hya","Adult",3
"705","2TSAL38P",187501.283671994,1.23578060714497,"2","Temae","5 m","A. hya","Adult",3
"706","2TSAL38P",195653.513396863,1.23578060714497,"2","Temae","5 m","A. hya","Adult",3
"707","2TSAL38P",228262.43229634,1.23578060714497,"2","Temae","5 m","A. hya","Adult",3
"708","2TSAL38P",130435.675597909,1.23578060714497,"2","Temae","5 m","A. hya","Adult",3
"709","2TSAL42P",469102.271239247,2.650433461729,"2","Temae","5 m","A. hya","Adult",4
"710","2TSAL42P",375281.816991398,2.650433461729,"2","Temae","5 m","A. hya","Adult",4
"711","2TSAL42P",637979.088885377,2.650433461729,"2","Temae","5 m","A. hya","Adult",4
"712","2TSAL42P",581686.816336667,2.650433461729,"2","Temae","5 m","A. hya","Adult",4
"713","2TSAL42P",619214.998035807,2.650433461729,"2","Temae","5 m","A. hya","Adult",4
"714","2TSAL42P",450338.180389678,2.650433461729,"2","Temae","5 m","A. hya","Adult",4
"715","2TSAL45P",592858.351479041,2.70418181021629,"2","Temae","5 m","A. hya","Adult",4
"716","2TSAL45P",568660.051418672,2.70418181021629,"2","Temae","5 m","A. hya","Adult",4
"717","2TSAL45P",520263.451297934,2.70418181021629,"2","Temae","5 m","A. hya","Adult",4
"718","2TSAL45P",496065.151237565,2.70418181021629,"2","Temae","5 m","A. hya","Adult",4
"719","2TSAL45P",617056.65153941,2.70418181021629,"2","Temae","5 m","A. hya","Adult",4
"720","2TSAL45P",483966.001207381,2.70418181021629,"2","Temae","5 m","A. hya","Adult",4
